short,lon,lat,neto_LP,net_rate,pop_sp2020,local_R2,b_ipm,b_gini,b_tpt,b_miskin,b_pdrb_kapita,b_growth_pdrb,b_MMI,driver
Situbondo,114.01,-7.71,-837,-1.2438217575186574,672926,0.509229087638857,0.45990368285660865,-0.056051637171682635,0.34320260670292363,0.48319081698368976,0.33287735328598966,0.4582706960413583,0.081756634097761,miskin
Madiun,111.52,-7.63,-190530,-276.94078760896014,687981,0.5164976346490218,0.41651385062744695,-0.047607195222847926,0.37132621832120605,0.40112207113450027,0.3218818657828079,0.40725711159017436,0.04818231990041924,ipm
Ngawi,111.38,-7.41,-193697,-235.06432512921455,824017,0.5173927810529284,0.41374612986604364,-0.04574463419549289,0.3735424152304936,0.39727118766835534,0.3205863603370075,0.4035623373062156,0.04505699969451776,ipm
Kota Madiun,111.52,-7.63,22990,129.60728822541182,177382,0.5164976346490218,0.41651385062744695,-0.047607195222847926,0.37132621832120605,0.40112207113450027,0.3218818657828079,0.40725711159017436,0.04818231990041924,ipm
Probolinggo,113.21,-7.75,-37692,-33.41213889280405,1128093,0.5097304876247137,0.44201790090878595,-0.05529805905918377,0.3541425373263333,0.4534710079748897,0.3310849835178203,0.44314497897635863,0.07355079909057721,miskin
Banyuwangi,114.36,-8.22,-284091,-164.2370453276231,1729762,0.5087720444495266,0.47189706771796097,-0.057947714412100663,0.33772782431969933,0.5005979318456429,0.3343457894644741,0.46569102137361706,0.08548034167043651,miskin
Kota Surabaya,112.75,-7.25,124099,43.16938921257496,2874699,0.5113588416446685,0.43002000531643125,-0.052004576051151365,0.3608647125562288,0.4354339070287709,0.3286246212792008,0.4328841478362012,0.06658357132178444,miskin
Sidoarjo,112.72,-7.45,521039,230.29958805537385,2262440,0.511287051876657,0.43084690298040196,-0.05274430184368558,0.36073485447895054,0.43530616900375196,0.3287606268531037,0.43263735072241893,0.0666601180423421,miskin
Magetan,111.46,-7.66,-111248,-176.71876985639852,629520,0.5168125622483004,0.41623149726175984,-0.047340903181421215,0.37157210135836843,0.39969733031849064,0.32146954057090127,0.4060125013604155,0.04718231728087076,ipm
Sumenep,114.23,-6.96,-49231,-45.22896064618313,1088484,0.5108701161915852,0.4610264378045563,-0.05291576958292025,0.3398073149990777,0.48676893196858473,0.3315625115074083,0.460705002784647,0.08228964816222732,miskin
Tuban,111.9,-6.9,-71089,-60.39231344297948,1177120,0.5149546158825353,0.41508278306614993,-0.04672678583242918,0.37141602896959397,0.40910412685617475,0.3236992136514644,0.4139946929203499,0.05276007120949736,ipm
Bojonegoro,111.88,-7.15,-147153,-119.06314627760284,1235924,0.5149033288679357,0.4166498955168795,-0.04772369058185457,0.3706350290600351,0.40926120679624445,0.3238398009547353,0.41406129582405504,0.053122991565394094,ipm
Jember,113.67,-8.17,-212841,-87.50257462083698,2432397,0.5085761643132731,0.45456702375249736,-0.05763431949353282,0.3475194416288113,0.47287679344934697,0.33311330641326387,0.4529447201702983,0.079338229532364,miskin
Nganjuk,111.89,-7.64,-177920,-173.24599626672017,1026979,0.5145668075864975,0.4202789759311564,-0.04985806777553579,0.36840904601913343,0.4108920199671698,0.3244592188262342,0.4153941055532869,0.054585143935716215,ipm
Lumajang,113.22,-8.14,-86956,-84.11924664537793,1033723,0.5093018340417277,0.4447183137438788,-0.05683301808503243,0.3532035439667791,0.4558352579626836,0.3317420193549985,0.44416919717734255,0.07444791823007212,miskin
Trenggalek,111.71,-8.05,-118203,-172.4093670461424,685595,0.5152483587341004,0.42132559505360384,-0.050481506145068605,0.3676795685413004,0.40705591407290537,0.32373660885610567,0.4125659820356241,0.05256751867817755,ipm
Kota Mojokerto,112.43,-7.47,18319,140.1671079008983,130694,0.5122944531344148,0.42627124226766516,-0.05174654467101145,0.3639114610919624,0.42616980471820326,0.3274006651488608,0.426608442460728,0.06260227900958754,growth_pdrb
Kota Blitar,112.17,-8.1,109,0.7537358328780953,144613,0.5129604629471969,0.42694873415841944,-0.05312088019260229,0.36395800594276495,0.42042417035531865,0.3267645695225342,0.42255051059775783,0.060185722523446,ipm
Kota Kediri,112.01,-7.82,5306,18.137442572741197,292544,0.5138790385302425,0.42296588111269845,-0.05122886415360949,0.36657030458368,0.4148030420024596,0.32543913335630176,0.418430377132581,0.05699649618283796,ipm
Pasuruan,112.91,-7.65,-9325,-5.766299457998769,1617155,0.5105486204638522,0.435566499109373,-0.05415269113906972,0.35801170714795383,0.44251818171705903,0.3298377130455224,0.4369271938074456,0.06964164347171836,miskin
Bangkalan,116.91,-6.97,-198843,-203.79543281278345,975699,0.5379189918178786,0.5463438740745409,-0.04473271873856132,0.2904347558657516,0.5942679894496363,0.3239687406400805,0.4962487538283584,0.09670605780644874,miskin
Gresik,112.65,-7.16,146388,111.77941608793424,1309615,0.5117455474717901,0.42768755722958063,-0.05127838526045207,0.36228325558839886,0.4318510868025783,0.3280693901916006,0.4306427160876289,0.06497994052378382,miskin
Ponorogo,111.47,-7.87,-179117,-208.0348898657948,860995,0.5166453063930384,0.4178611510864128,-0.04826973225413901,0.3702799219370506,0.40038315990637624,0.3217856038353941,0.4068231127923261,0.047903049543964335,ipm
Tulungagung,111.9,-8.07,-144615,-137.23674108884066,1053763,0.5142642919661145,0.42346131190531083,-0.051635438849290005,0.36622808447329797,0.4123886052645823,0.3250447555957127,0.4167153129864575,0.055807167515503936,ipm
Pacitan,111.1,-8.2,-156076,-268.8967336341443,580431,0.5186199437741128,0.41786089092940937,-0.04701102567357824,0.3699755019493694,0.3921235037996371,0.3192503353708672,0.39975635158338957,0.04183787895662891,ipm
Kota Pasuruan,112.91,-7.65,26414,126.4493273971947,208890,0.5105486204638522,0.435566499109373,-0.05415269113906972,0.35801170714795383,0.44251818171705903,0.3298377130455224,0.4369271938074456,0.06964164347171836,miskin
Bondowoso,113.82,-7.92,-13975,-17.91708013774677,779982,0.5088492706863336,0.4565394380174411,-0.05679938465272181,0.3457888344965039,0.47714619840646105,0.3329718331274778,0.4552170493543504,0.08036512205376402,miskin
Kota Probolinggo,113.21,-7.75,21555,91.16940463904444,236428,0.5097304876247137,0.44201790090878595,-0.05529805905918377,0.3541425373263333,0.4534710079748897,0.3310849835178203,0.44314497897635863,0.07355079909057721,miskin
Jombang,112.24,-7.55,-111237,-84.89572441878747,1310278,0.5130119099433244,0.42405758835200097,-0.05125195625274124,0.36558472603187386,0.4206809735859044,0.32647572943354947,0.4227365914972866,0.059947673224584365,ipm
Lamongan,112.41,-7.12,-181883,-145.1310330960005,1253233,0.5126210264470096,0.4235480731691644,-0.050178467791616346,0.36519287612299306,0.4242671879968489,0.32686807729580136,0.4255041661099844,0.0614152130901752,growth_pdrb
Kota Malang,112.52,-7.97,118035,139.8833860703239,843810,0.5115838449688768,0.4310775228933417,-0.054115656793404396,0.36129635874546,0.43092919114911565,0.32851370581199285,0.42958505837976707,0.06508116818909501,ipm
Blitar,112.17,-8.1,-203897,-177.62764724842972,1147890,0.5129604629471969,0.42694873415841944,-0.05312088019260229,0.36395800594276495,0.42042417035531865,0.3267645695225342,0.42255051059775783,0.060185722523446,ipm
Pamekasan,113.46,-7.16,-40465,-45.49353714078207,889467,0.510029854996647,0.4435224860267478,-0.053316297002363885,0.35161079813321494,0.45931090779332245,0.33086608593415234,0.4469378719994462,0.07513255782898516,miskin
Sampang,117.2,-7.09,-156193,-164.148972393992,951532,0.5426246043006402,0.5570401714027197,-0.04336025589793472,0.28527407277144984,0.6071460582807915,0.32274832930373065,0.49929220548918535,0.0977162646173991,miskin
Mojokerto,112.43,-7.47,-2473,-2.2226955823812955,1112613,0.5122944531344148,0.42627124226766516,-0.05174654467101145,0.3639114610919624,0.42616980471820326,0.3274006651488608,0.426608442460728,0.06260227900958754,growth_pdrb
Kediri,112.01,-7.82,-232567,-145.4683858474079,1598746,0.5138790385302425,0.42296588111269845,-0.05122886415360949,0.36657030458368,0.4148030420024596,0.32543913335630176,0.418430377132581,0.05699649618283796,ipm
Malang,112.61,-8.17,-222545,-83.58324992347575,2662555,0.5110931829385512,0.43385525166471106,-0.055218630342559034,0.35969939634975234,0.43468404995605964,0.3292394362752768,0.4319210491257671,0.06677813401789151,miskin
Kota Batu,112.52,-7.87,33447,160.92435155381708,207843,0.5116583111542654,0.4303982637303263,-0.05372367046210634,0.36164707882472125,0.43053678029819653,0.3283785684810084,0.4293568733582896,0.06485500686858746,miskin
