kode_kab,nama_resmi,MMI,SP2020_neto_norm,neto_LP,masuk_LP,keluar_LP,MPI_raw,MPI,rank_MPI,short,lon,lat,ipm,gini,tpt,tpak,miskin,pdrb_kapita,pdrb_adhk,tenaker_se2016,usaha_se2016,growth_pdrb,pop_est,net_rate_permil,in_rate_permil,out_rate_permil,lisa_q_raw,lisa_p_raw,lisa_I_raw,lisa_q_rate,lisa_p_rate,lisa_I_rate,pop_sp2020,net_rate,in_rate,out_rate,net_rate_norm,rank_raw,rank_rate,rank_diff
3512,Kabupaten Situbondo,100.0,35.18,-837,41968,42805,100.0,100.0,1,Situbondo,114.01,-7.71,69.91666666666667,0.3156666666666667,3.4433333333333334,73.02,12.103333333333332,34778.55,14668.5,240241,93624,4.895935186478559,421768590.1223599,-0.0019845005522037,0.0995048018815829,0.1014893024337866,4,0.189,-0.16507934137751,4,0.371,-0.0658318964296141,672926,-1.2438217575186574,62.36644148093549,63.61026323845416,54.35233058692547,12,12,0
3519,Kabupaten Madiun,55.31,11.62,-190530,77140,267670,55.31,55.31,2,Madiun,111.52,-7.63,73.53333333333332,0.3516666666666666,5.323333333333333,70.99333333333334,11.246666666666664,30348.85,14532.7,169258,73264,5.125056458897914,478855047.22584224,-0.3978865861471026,0.1610925904339867,0.5589791765810894,3,0.131,0.362439502338672,3,0.054,0.9337428795872312,687981,-276.94078760896014,112.12518950377992,389.06597711274,0.0,31,38,-7
3521,Kabupaten Ngawi,55.15,11.23,-193697,70851,264548,55.15,55.15,3,Ngawi,111.38,-7.41,72.62333333333333,0.3123333333333333,3.046666666666667,73.63666666666667,14.706666666666663,26610.8,14584.45,183905,82995,4.487395193628897,548065071.3244247,-0.3534197126117199,0.1292747954705182,0.4826945080822382,3,0.138,0.3678442467179353,3,0.043,0.8642684794915838,824017,-235.06432512921455,85.98244939121402,321.0467745204286,8.255743132612391,32,36,-4
3577,Kota Madiun,53.1,38.14,22990,58908,35918,53.1,53.1,4,Kota Madiun,111.52,-7.63,83.0,0.3863333333333333,6.796666666666667,67.67,4.863333333333333,83050.8,11442.0,110865,33166,5.798769739918695,137771099.13450563,0.1668709921342422,0.4275787909805977,0.2607077988463555,4,0.028,-0.4347099723392043,4,0.001,-1.4685842532117577,177382,129.60728822541182,332.0968305690544,202.4895423436425,80.1489974653368,7,5,2
3513,Kabupaten Probolinggo,40.22,30.6,-37692,42000,79692,40.22,40.22,5,Probolinggo,113.21,-7.75,69.62,0.3066666666666666,3.68,71.42666666666668,17.74,34664.8,25319.550000000003,421709,124461,4.733122559047799,730410964.4365467,-0.0516038255656202,0.057501875033324,0.1091057005989442,1,0.018,0.2099927348919565,1,0.009,0.1621753005712956,1128093,-33.41213889280405,37.23097297829168,70.64311187109573,48.01050160827714,16,16,0
3510,Kabupaten Banyuwangi,31.89,0.0,-284091,89939,374030,31.89,31.89,6,Banyuwangi,114.36,-8.22,73.18666666666667,0.351,5.1433333333333335,74.45333333333333,7.640000000000001,55954.15,59390.5,563293,241948,5.033090177205931,1061413675.3037978,-0.2676534197834671,0.0847351057298726,0.3523885255133397,2,0.427,-0.072510038665077,2,0.276,-0.2516258021579529,1729762,-164.2370453276231,51.99501434301367,216.2320596706368,22.219000633324715,38,29,9
3578,Kota Surabaya,22.52,50.7,124099,867318,743219,22.52,22.52,7,Kota Surabaya,112.75,-7.25,83.41666666666667,0.3873333333333333,8.020000000000001,68.67333333333333,4.866666666666666,235882.6,446649.5,1705919,374533,5.70209706764229,1893524575.360794,0.0655386265458709,0.4580442267746857,0.3925056002288147,1,0.01,1.4734712169671635,1,0.009,0.7449798137616664,2874699,43.16938921257496,301.7074135413829,258.53802432880804,63.10818148146941,3,9,-6
3515,Kabupaten Sidoarjo,22.26,100.0,521039,704520,183481,22.26,22.26,8,Sidoarjo,112.72,-7.45,81.42,0.3596666666666666,9.24,69.65333333333334,5.43,121385.5,156282.34999999998,757739,204305,6.158340363251651,1287487797.1421626,0.4046943211085577,0.5472051863822115,0.1425108652736537,1,0.007,2.6649866093455423,1,0.008,2.1552244527471665,2262440,230.29958805537385,311.3983133254363,81.09872527006242,100.0,1,1,0
3520,Kabupaten Magetan,20.38,21.47,-111248,77307,188555,20.38,20.38,9,Magetan,111.46,-7.66,75.71333333333332,0.3606666666666666,4.116666666666666,75.27333333333333,10.1,32451.3,14250.95,191435,82915,4.472997015610652,439148816.8424686,-0.2533264254242699,0.176038274578186,0.4293647000024559,3,0.086,0.1659968256874464,3,0.032,0.6330367189646834,629520,-176.71876985639852,122.80308806709874,299.5218579234973,19.75828868537931,22,32,-10
3529,Kabupaten Sumenep,18.15,29.17,-49231,19441,68672,18.15,18.15,10,Sumenep,114.23,-6.96,68.45333333333333,0.2823333333333333,1.7933333333333332,76.53666666666668,19.32333333333333,36398.85,25578.7,449878,159611,5.347494841967522,702733740.2143201,-0.0700564056949727,0.0276648165407155,0.0977212222356882,4,0.493,-0.0074770320727785,4,0.491,-0.0007854756788097,1088484,-45.22896064618313,17.860620826764563,63.0895814729477,45.6808720440094,18,17,1
3523,Kabupaten Tuban,17.44,26.46,-71089,68238,139327,17.44,17.44,11,Tuban,111.9,-6.9,70.76333333333334,0.3426666666666667,4.54,74.04333333333334,15.413333333333332,64617.25,48937.25,326659,115094,4.372284157752183,757340338.6866511,-0.0938666493366504,0.0901021595103934,0.1839688088470439,3,0.043,0.0243158661137269,3,0.037,0.0409230814050707,1177120,-60.39231344297948,57.97030039418241,118.36261383716187,42.69148998290338,19,19,0
3522,Kabupaten Bojonegoro,16.35,17.01,-147153,68455,215608,16.35,16.35,12,Bojonegoro,111.88,-7.15,71.21666666666668,0.301,4.713333333333334,72.76333333333334,12.553333333333333,75374.75,62546.8,339357,124616,2.4728525206812817,829811044.1494001,-0.1773331423310225,0.0824946841605006,0.2598278264915232,3,0.072,0.3102511256846364,3,0.06,0.3064256903902059,1235924,-119.06314627760284,55.38770992391117,174.45085620151403,31.124817523562587,25,24,1
3509,Kabupaten Jember,15.12,8.85,-212841,93965,306806,15.12,15.12,13,Jember,113.67,-8.17,69.80666666666667,0.327,4.503333333333333,70.23666666666666,9.77,35550.65,58575.55,694456,282224,4.927484514694643,1647664669.984937,-0.1291773768517752,0.0570292012153535,0.1862065780671286,2,0.262,-0.2898909532811755,2,0.215,-0.0818573678564687,2432397,-87.50257462083698,38.63061827489509,126.13319289573208,37.34683240465932,35,23,12
3518,Kabupaten Nganjuk,14.29,13.19,-177920,83920,261840,14.29,14.29,14,Nganjuk,111.89,-7.64,73.89333333333333,0.311,4.8,65.97333333333334,11.146666666666668,28749.9,20070.9,270216,117904,5.400343853616592,698120689.1154404,-0.2548556471309209,0.1202084414749712,0.3750640886058921,3,0.285,0.1862810877713194,3,0.37,0.1156074418403586,1026979,-173.24599626672017,81.71540021753123,254.96139648425137,20.44292929292757,28,31,-3
3508,Kabupaten Lumajang,14.16,24.48,-86956,54345,141301,14.16,14.16,15,Lumajang,113.22,-8.14,68.5,0.3496666666666666,4.05,68.14333333333333,9.346666666666666,33780.9,24217.5,285624,118158,5.001989283265484,716899194.5152438,-0.1212945985506348,0.075805636853515,0.1971002354041499,2,0.319,-0.023183438085616,2,0.124,-0.1084535070054986,1033723,-84.11924664537793,52.57211071050949,136.69135735588742,38.01383923963926,20,21,-1
3503,Kabupaten Trenggalek,13.86,20.6,-118203,49374,167577,13.86,13.86,16,Trenggalek,111.71,-8.05,71.21333333333332,0.334,4.473333333333334,75.03,11.243333333333334,29495.25,13878.75,218606,94129,4.921966128722671,470541866.91077375,-0.2512061270467441,0.1049300890570116,0.3561362161037558,3,0.073,0.1965733668746023,3,0.087,0.4539810274443998,685595,-172.4093670461424,72.01627783166447,244.4256448778069,20.60786671918865,23,30,-7
3576,Kota Mojokerto,13.43,37.56,18319,39238,20919,13.43,13.43,17,Kota Mojokerto,112.43,-7.47,80.14333333333333,0.356,5.55,69.66666666666667,6.046666666666667,57854.75,5326.3,58382,16893,2.7907862173995883,92063313.7296419,0.1989826268234985,0.4262066876631057,0.2272240608396072,1,0.024,0.5504845875820661,1,0.067,0.9382801639699024,130694,140.1671079008983,300.2280135277824,160.06090562688416,82.23081511671289,9,3,6
3572,Kota Blitar,13.32,35.3,109,35193,35084,13.32,13.32,18,Kota Blitar,112.17,-8.1,80.06666666666668,0.3826666666666667,5.746666666666667,70.0,7.52,53558.350000000006,5318.700000000001,69887,22491,5.2918017600741045,99306644.06203702,0.0010976103465132,0.3543871644480794,0.3532895541015661,4,0.387,-0.0795324669945355,4,0.499,-0.0089708511406896,144613,0.7537358328780953,243.35986391264964,242.60612807977157,54.74613945669072,11,11,0
3571,Kota Kediri,12.36,35.94,5306,67002,61696,12.36,12.36,19,Kota Kediri,112.01,-7.82,80.08,0.3816666666666666,4.9366666666666665,69.70333333333333,7.376666666666668,531962.3999999999,90769.3,155216,39139,1.9177551964692447,170631044.6001447,0.0310963342716094,0.3926718034048956,0.3615754691332861,4,0.059,-0.2858539941919517,4,0.11,-0.3027007949039555,292544,18.137442572741197,229.03221395755853,210.8947713848173,58.173253616736766,10,10,0
3514,Kabupaten Pasuruan,11.75,34.13,-9325,114634,123959,11.75,11.75,20,Pasuruan,112.91,-7.65,71.24666666666667,0.3453333333333333,5.806666666666668,70.14333333333333,9.3,109766.25,116302.35,536644,179633,5.205461566217124,1059545625.3629872,-0.0088009423820756,0.1081916599492615,0.1169926023313372,1,0.002,0.5189479075711684,1,0.003,0.4403519966476378,1617155,-5.766299457998769,70.88621684377812,76.65251630177688,53.46074586349785,14,14,0
3526,Kabupaten Bangkalan,11.37,10.59,-198843,38549,237392,11.37,11.37,21,Bangkalan,116.91,-6.97,66.11666666666666,0.3026666666666666,7.433333333333334,71.33666666666666,20.12,25271.2,17062.050000000003,221310,106262,1.204606159234425,675157887.2392288,-0.2945133334857183,0.0570962744101675,0.3516096078958858,3,0.292,0.2188851031877652,3,0.283,0.2290114701442259,975699,-203.79543281278345,39.509110904080046,243.3045437168635,14.420254834875484,33,34,-1
3525,Kabupaten Gresik,10.73,53.47,146388,277375,130987,10.73,10.73,22,Gresik,112.65,-7.16,77.68,0.3353333333333333,7.553333333333334,69.28333333333335,11.48,126588.55,111311.15,516229,130362,4.621914778821823,879314519.3621382,0.1664796802243081,0.3154445808551075,0.1489649006307993,1,0.011,1.6022799117863902,1,0.025,1.1220882009644977,1309615,111.77941608793424,211.79888745929148,100.01947137135724,76.63431823379331,2,7,-5
3502,Kabupaten Ponorogo,9.6,13.04,-179117,67761,246878,9.6,9.6,23,Ponorogo,111.47,-7.87,72.52666666666667,0.3486666666666667,4.8500000000000005,73.81,9.703333333333331,25204.1,15481.9,240456,98230,5.143867971405286,614261171.793478,-0.2915974641161614,0.1103130119752743,0.4019104760914358,3,0.176,0.2780609112786676,3,0.034,0.7297445558514267,860995,-208.0348898657948,78.70080546344636,286.73569532924114,13.584466270635318,29,35,-6
3504,Kabupaten Tulungagung,8.64,17.32,-144615,81284,225899,8.64,8.64,24,Tulungagung,111.9,-8.07,74.02666666666667,0.3323333333333333,5.736666666666667,72.97000000000001,6.916666666666667,41682.8,29526.75,341540,133796,4.912401236688413,708367720.0188087,-0.2041524421753156,0.1147483117918497,0.3189007539671653,3,0.232,0.1628843507493174,3,0.235,0.1729064820393246,1053763,-137.23674108884066,77.13688941441292,214.3736305032536,27.54198072997417,24,25,-1
3501,Kabupaten Pacitan,8.32,15.9,-156076,28734,184810,8.32,8.32,25,Pacitan,111.1,-8.2,70.19333333333333,0.3423333333333334,2.5066666666666664,81.73333333333333,14.186666666666667,31887.95,11983.7,184349,77654,4.458131440660619,375806535.0704577,-0.4153094356667806,0.0764595538356267,0.4917689895024074,3,0.198,0.2092432364237166,3,0.042,1.0555842063396,580431,-268.8967336341443,49.50459227711821,318.40132591126246,1.5858465454924615,26,37,-11
3575,Kota Pasuruan,8.08,38.57,26414,46087,19673,8.08,8.08,26,Kota Pasuruan,112.91,-7.65,77.61333333333333,0.3626666666666667,6.016666666666667,71.78666666666666,6.616666666666667,46180.15,6459.75,82255,31459,5.645931491149891,139881529.18515855,0.1888312213475753,0.3294716626881845,0.1406404413406091,1,0.004,0.8170785315811456,1,0.014,1.3401308306267694,208890,126.4493273971947,220.62808176552247,94.17875436832784,79.52642067931477,6,6,0
3511,Kabupaten Bondowoso,7.78,33.55,-13975,32744,46719,7.78,7.78,27,Bondowoso,113.82,-7.92,69.90333333333332,0.3496666666666666,4.3100000000000005,74.29666666666667,13.84666666666667,30324.35,14742.9,295220,107454,4.617562559853434,486173652.5267648,-0.0287448732101553,0.0673504206363741,0.0960952938465295,4,0.307,-0.0896944074607346,1,0.402,0.0261917709526712,779982,-17.91708013774677,41.98045595924008,59.89753609698685,51.06527790339429,15,15,0
3574,Kota Probolinggo,7.5,37.96,21555,37898,16343,7.5,7.5,28,Kota Probolinggo,113.21,-7.75,76.07000000000001,0.3226666666666666,5.216666666666668,69.57,6.8566666666666665,55403.0,9140.65,109523,33149,6.037552970877297,164984748.11833292,0.1306484402093943,0.2297060815149907,0.0990576413055964,1,0.021,0.6056770759632563,1,0.027,0.9109998408331784,236428,91.16940463904444,160.29404300675046,69.12463836770603,72.5711536203895,8,8,0
3517,Kabupaten Jombang,7.09,21.47,-111237,145955,257192,7.09,7.09,29,Jombang,112.24,-7.55,74.64,0.327,5.739999999999999,69.75,9.396666666666668,35641.5,30844.5,413158,159244,5.040849293031351,865409704.9787467,-0.1285368067402616,0.1686542214171084,0.29719102815737,3,0.468,0.0258833121333303,2,0.335,-0.0404174792974892,1310278,-84.89572441878747,111.39239153828424,196.2881159570717,37.86076038183096,21,22,-1
3524,Kabupaten Lamongan,6.32,12.69,-181883,93966,275849,6.32,6.32,30,Lamongan,112.41,-7.12,74.69666666666667,0.2866666666666666,5.47,71.69999999999999,12.936666666666667,34562.149999999994,30078.300000000003,388783,130506,4.284928380773851,870267040.6788932,-0.2089967693802508,0.1079737547301542,0.316970524110405,2,0.001,-1.2343226147008437,2,0.001,-0.8138819814950797,1253233,-145.1310330960005,74.97887463863464,220.1099077346352,25.98565903598034,30,26,4
3573,Kota Malang,5.3,49.95,118035,206224,88189,5.3,5.3,31,Kota Malang,112.52,-7.97,83.38333333333333,0.4136666666666666,8.036666666666667,66.08333333333333,4.416666666666667,103213.35,58399.2,386274,111012,6.071427311189769,565810527.4172381,0.2086122372780791,0.3644753676488719,0.1558631303707927,4,0.483,-0.1265948772184363,1,0.236,0.3799865133063398,843810,139.8833860703239,244.3962503407165,104.51286427039264,82.17488072264916,4,4,0
3505,Kabupaten Blitar,3.92,9.96,-203897,109504,313401,3.92,3.92,32,Blitar,112.17,-8.1,72.19000000000001,0.3493333333333333,4.673333333333333,72.24333333333334,9.016666666666666,34548.2,27638.6,336565,141743,4.447929342057092,800001157.8027221,-0.25487088113725,0.1368798019002409,0.391750683037491,2,0.379,-0.0967077720451563,2,0.316,-0.2095172086679127,1147890,-177.62764724842972,95.3959003040361,273.02354755246586,19.57910787966351,34,33,1
3528,Kabupaten Pamekasan,3.51,30.26,-40465,24418,64883,3.51,3.51,33,Pamekasan,113.46,-7.16,69.48333333333333,0.3253333333333333,2.08,72.20333333333333,14.36,23033.9,12330.15,624958,108722,4.962764719571798,535304485.9967265,-0.0755924918593853,0.0456151604157289,0.1212076522751142,1,0.106,0.107111383944551,1,0.053,0.0272055266642545,889467,-45.49353714078207,27.45239564818032,72.94593278896237,45.62871206083526,17,18,-1
3527,Kabupaten Sampang,2.44,15.89,-156193,15324,171517,2.44,2.44,34,Sampang,117.2,-7.09,65.49666666666667,0.2673333333333333,3.0933333333333337,72.36666666666667,22.37666666666667,23582.15,14491.2,251645,81806,2.5565580816728826,614498678.0255405,-0.2541795541397538,0.0249374010847962,0.2791169552245501,3,0.237,0.1848596666610353,3,0.267,0.2211727819993792,951532,-164.148972393992,16.10455560086261,180.2535279948546,22.236363788518293,27,28,-1
3516,Kabupaten Mojokerto,1.4,34.98,-2473,138883,141356,1.4,1.4,35,Mojokerto,112.43,-7.47,75.58,0.3196666666666667,5.013333333333334,71.44,10.043333333333331,87709.7,65341.25,381321,123493,5.153705349153364,744971764.8105055,-0.003319588898284,0.1864271997413578,0.1897467886396419,1,0.029,0.4265726818116741,1,0.028,0.34754230022006,1112613,-2.2226955823812955,124.82597273265726,127.04866831503855,54.15935032119237,13,13,0
3506,Kabupaten Kediri,0.71,6.4,-232567,136579,369146,0.71,0.71,36,Kediri,112.01,-7.82,74.06333333333333,0.3216666666666667,5.923333333333333,68.93666666666667,11.003333333333332,29113.75,31498.1,415294,175569,4.52846850883259,1081897728.7364218,-0.2149620928325835,0.1262402132588949,0.3412023060914785,3,0.258,0.300379276326824,3,0.265,0.183399814761289,1598746,-145.4683858474079,85.42882984539132,230.8972156927992,25.91915156386408,37,27,10
3507,Kabupaten Malang,0.57,7.64,-222545,220867,443412,0.57,0.57,37,Malang,112.61,-8.17,72.23666666666666,0.371,5.890000000000001,69.84333333333333,9.833333333333334,45426.75,73940.4,646448,258659,5.00135160425028,1627684128.8447886,-0.136724930873379,0.1356940183208368,0.2724189491942159,2,0.176,-0.4439898776313566,2,0.041,-0.222133011101812,2662555,-83.58324992347575,82.95302820035643,166.53627812383218,38.11950841496864,36,20,16
3579,Kota Batu,0.0,39.44,33447,43746,10299,0.0,0.0,38,Kota Batu,112.52,-7.87,78.13666666666666,0.3166666666666666,6.506666666666667,74.74666666666667,3.73,89313.9,12558.75,78997,28060,6.203975075733326,140613611.09524947,0.2378645974559569,0.3111078625977903,0.0732432651418333,1,0.205,0.2225910863164773,1,0.046,1.1313452330872722,207843,160.92435155381708,210.47617672955064,49.55182517573361,86.32300585088561,5,2,3
